Date,Time,Time_spent,Topic,Detail,Map,Image
3 Oct 26,08.40 AM - 11.45 PM (+1),2h 45m,ออกเดินทางสู่เขตบริหารพิเศษฮ่องกง (ท่าอากาศยานนานาชาติฮ่องกง),,,,
3 Oct 26,11.45 PM - 12.45 AM,1h,เดินทางถึงท่าอากาศยานนานาชาติฮ่องกง และผ่านพิธีการตรวจคนเข้าเมือง,,,,
3 Oct 26,12.45 AM - 01.45 AM,1h,รับประทานอาหารกลางวัน ณ ท่าอากาศยานนานาชาติฮ่องกง,,,,
3 Oct 26,01.45 AM - 02.30 AM,45m,เดินทางมุ่งหน้าสู่ตัวเมืองฮ่องกง,,,,
3 Oct 26,02.30 AM - 03.00 AM,30m,ฝากสัมภาระ ณ ที่พัก และเดินเล่นสำรวจย่านจิมซาจุ่ย (Tsim Sha Tsui),"ย่านช้อปปิ้งและศูนย์รวมความบันเทิงชั้นนำใจกลางเกาลูน แหล่งรวมร้านค้า แฟชั่นสตรีท และบรรยากาศเมืองที่มีชีวิตชีวา",,images/itinerary/tsim-sha-tsui.jpg
3 Oct 26,03.00 AM - 05.00 AM,2h,เช็คอินเข้าสู่ที่พักและพักผ่อนตามอัธยาศัย,,,,
3 Oct 26,05.00 AM - 07.00 AM,2h,ลิ้มลองอาหารค่ำสตรีทฟู้ดเลื่องชื่อ ย่านจิมซาจุ่ย (Tsim Sha Tsui),"สัมผัสวัฒนธรรมอาหารริมทางสไตล์ฮ่องกงต้นตำรับ เช่น ลูกชิ้นปลาแกงกะหรี่ ทาร์ตไข่ วาฟเฟิลฮ่องกง และติ่มซำท้องถิ่น",,images/restaurants/tsim-sha-tsui-street-food.jpg
3 Oct 26,07.00 AM - 08.20 AM,1h 20m,ชมการแสดงแสงสีเสียง A Symphony of Lights ริมอ่าววิคตอเรีย ณ ถนนแห่งดวงดาว (Avenue of Stars),"ทางเดินเลียบอ่าววิคตอเรียจัดแสดงรอยฝ่ามือของดาราฮ่องกงชื่อดัง พร้อมชมโชว์แสงสีเสียงและเลเซอร์ตระการตาระดับโลกเวลา 20.00 น.",https://maps.app.goo.gl/pSyX5oKSLXLFPbhc9,images/itinerary/avenue-of-stars.jpg
3 Oct 26,08.20 AM onwards,-,พักผ่อนและท่องเที่ยวตามอัธยาศัย,,,,
4 Oct 26,08.00 AM - 08.30 AM,30m,ออกจากโรงแรม เดินทางไปท่าเรือ Hong Kong–Macau Ferry Terminal ที่ Sheung Wan,"เตรียมหนังสือเดินทางและตั๋วเรือไป-กลับ",https://www.google.com/maps/search/?api=1&query=Hong+Kong+Macau+Ferry+Terminal,
4 Oct 26,08.30 AM - 09.30 AM,1h,เช็กอินเรือและผ่าน ตม. ฮ่องกง,"เผื่อเวลา 1 ชั่วโมงก่อนเรือออกสำหรับตรวจเอกสารและคิวในช่วงวันหยุด",,,
4 Oct 26,09.30 AM - 10.30 AM,1h,นั่งเรือ TurboJET ไปท่าเรือ Macau Outer Harbour,"เที่ยวเรือ 09.30 น. ตามตารางที่ประกาศไว้ ควรตรวจตารางและจองล่วงหน้า",https://www.google.com/maps/search/?api=1&query=Macau+Outer+Harbour+Ferry+Terminal,
4 Oct 26,10.30 AM - 11.15 AM,45m,ลงเรือและผ่าน ตม. มาเก๊า,"เผื่อเวลารับคนเข้าเมืองและเดินทางออกจากท่าเรือ",,,
4 Oct 26,11.15 AM - 12.35 PM,1h 20m,เดินทางไปย่าน ZAPE / NAPE และกินอาหารมื้อแรก,"เลือกร้านอาหารมื้อแรกจาก FENG WEI JU 風味居, 新濠仔海鮮美食 หรือ Zhen Dim Sum (Tai Fung) แล้วเดินทางต่อไป Senado Square",,
4 Oct 26,12.35 PM - 12.55 PM,20m,เดินทางไปย่าน Senado Square,,https://www.google.com/maps/search/?api=1&query=Senado+Square+Macau,
4 Oct 26,12.55 PM - 01.40 PM,45m,เดินเที่ยวย่าน Senado Square ถึงซากโบสถ์ St. Paul’s,"เดินชมจัตุรัส Senado และย่านเมืองเก่าต่อไปจนถึงซากโบสถ์ St. Paul’s",https://www.google.com/maps/search/?api=1&query=Senado+Square+Macau,images/itinerary/st-pauls-macau.jpg
4 Oct 26,01.40 PM - 02.00 PM,20m,เดินทางไป Casino Lisboa Macau,"เดินทางจากซากโบสถ์ St. Paul’s ไปคาสิโนฝั่งคาบสมุทรมาเก๊า",https://maps.app.goo.gl/kRZkYnNDVTEQFSjA6,
4 Oct 26,02.00 PM - 06.00 PM,4h,เข้าคาสิโน Casino Lisboa Macau,"ช่วงคาสิโนตามแผน 14.00–18.00 น. ผู้เข้าต้องมีอายุอย่างน้อย 21 ปีและพกเอกสารประจำตัว",https://maps.app.goo.gl/kRZkYnNDVTEQFSjA6,images/itinerary/lisboa-casino-macau.jpg
4 Oct 26,06.00 PM - 07.15 PM,1h 15m,รับประทานอาหารเย็น,,,,
4 Oct 26,07.15 PM - 07.45 PM,30m,เดินทางไปท่าเรือ Macau Outer Harbour Ferry Terminal,,https://www.google.com/maps/search/?api=1&query=Macau+Outer+Harbour+Ferry+Terminal,
4 Oct 26,07.45 PM - 09.00 PM,1h 15m,เช็กอินเรือและผ่าน ตม. มาเก๊า,"เผื่อเวลา 75 นาทีก่อนเรือกลับสำหรับคิวในช่วงวันหยุด",,,
4 Oct 26,09.00 PM - 10.00 PM,1h,นั่งเรือ TurboJET จาก Macau Outer Harbour กลับ Sheung Wan,"เที่ยวเรือ 21.00 น. ตามตารางที่ประกาศไว้ ควรตรวจตารางและจองล่วงหน้า",https://www.google.com/maps/search/?api=1&query=Hong+Kong+Macau+Ferry+Terminal,
4 Oct 26,10.00 PM - 10.45 PM,45m,ผ่าน ตม. ฮ่องกง,"เผื่อเวลาขึ้นฝั่งและตรวจหนังสือเดินทาง",,,
4 Oct 26,10.45 PM - 11.15 PM,30m,เดินทางกลับโรงแรมย่านจิมซาจุ่ย,,,,
5 Oct 26,-,-,ไหว้พระเสริมสิริมงคลและท่องเที่ยวสายมูตลอดทั้งวัน (Hong Kong Blessing & Spiritual Day Tour),"วันสำหรับสักการะสิ่งศักดิ์สิทธิ์และขอพรตามวัดชื่อดังของฮ่องกง เพื่อเสริมโชคลาภ ความสำเร็จ และความเป็นสิริมงคล",,images/itinerary/hong-kong-temples.jpg
6 Oct 26,10.30 AM,-,เช็กเอาท์,"ฝากสัมภาระไว้ที่โรงแรมเพื่อรับก่อนเดินทางไปสนามบิน",,,
6 Oct 26,10.30 AM - 11.00 AM,30m,เดินทางสู่ร้าน Yat Tung Heen ณ Eaton HK ย่าน Jordan,,https://www.yattungheen.com/home,
6 Oct 26,11.00 AM - 01.00 PM,2h,รับประทานอาหารกลางวัน ณ Yat Tung Heen (逸東軒) ร้านมิชลิน 1 ดาว,"อาหารกวางตุ้งและติ่มซำ ณ ชั้น B2 โรงแรม Eaton HK เลขที่ 380 Nathan Road ย่าน Jordan",https://www.yattungheen.com/home,images/restaurants/yat-tung-heen.jpg
6 Oct 26,01.00 PM - 03.30 PM,2h 30m,Free time ท่องเที่ยวและช้อปปิ้งตามอัธยาศัย,,,,
6 Oct 26,03.30 PM - 04.00 PM,30m,เดินทางกลับโรงแรมและรับสัมภาระที่ฝากไว้,,,,
6 Oct 26,04.00 PM - 05.00 PM,1h,เดินทางโดยรถรับจ้างส่วนบุคคลสู่ท่าอากาศยานนานาชาติฮ่องกง,,,,
6 Oct 26,05.00 PM - 07.05 PM,2h 5m,เดินทางถึงท่าอากาศยานนานาชาติฮ่องกง เช็คอิน โหลดสัมภาระ และผ่านจุดตรวจความปลอดภัย,,,,
6 Oct 26,07.05 PM - 09.45 PM,2h 40m,ออกเดินทางจากฮ่องกง มุ่งหน้าสู่ประเทศไทยโดยสวัสดิภาพ,,,,
